CODE,DESCRIPTION,MAKE,COLOUR OR NOTES,DATE,TIME,SCANNED BY,STATUS,CATEGORY,OTHER2
1000,Large green bin,Malaga Plastics,Green,02/11/25,06:32:00,BARRY,Good,BINS,
1001,Large green bin,Malaga Plastics,Green,03/11/25,06:32:07,BARRY,Good,BINS,
1002,Large green bin,Malaga Plastics,Green,04/11/25,06:32:14,BARRY,Good,BINS,
1003,Large green bin,Malaga Plastics,Green,05/11/25,06:32:21,BARRY,Good,BINS,
1004,Large green bin,Malaga Plastics,Green,06/11/25,06:32:28,BARRY,Good,BINS,
1005,Large green bin,Malaga Plastics,Green,07/11/25,06:32:35,BARRY,Good,BINS,
1006,Large green bin,Malaga Plastics,Green,08/11/25,06:32:42,BARRY,Good,BINS,
1007,Large green bin,Malaga Plastics,Green,09/11/25,06:32:49,BARRY,Good,BINS,
1008,Large green bin,Malaga Plastics,Green,10/11/25,06:32:56,BARRY,Good,BINS,
1009,Large green bin,Malaga Plastics,Green,11/11/25,06:33:03,BARRY,Good,BINS,
1010,Large green bin,Malaga Plastics,Green,12/11/25,06:33:10,BARRY,Good,BINS,
1011,Large green bin,Malaga Plastics,Green,13/11/25,06:33:17,BARRY,Used – damaged,BINS,
1012,Large green bin,Malaga Plastics,Green,14/11/25,06:33:24,BARRY,Used – damaged,BINS,
1013,Large green bin,Malaga Plastics,Green,15/11/25,06:33:31,BARRY,Used – damaged,BINS,
1014,Large green bin,Malaga Plastics,Green,16/11/25,06:33:38,BARRY,Used – damaged,BINS,
1015,Large green bin,Malaga Plastics,Green,17/11/25,06:33:45,BARRY,Used – damaged,BINS,
1016,Large green bin,Malaga Plastics,Green,18/11/25,06:33:52,BARRY,Used – damaged,BINS,
1017,Large green bin,Malaga Plastics,Green,19/11/25,06:33:59,BARRY,Used – damaged,BINS,
1018,Large green bin,Malaga Plastics,Green,20/11/25,06:34:06,BARRY,Used – damaged,BINS,
1019,Large green bin,Malaga Plastics,Green,21/11/25,06:34:13,BARRY,Used – damaged,BINS,
1020,Large green bin,Malaga Plastics,Green,22/11/25,06:34:20,BARRY,Used – damaged,BINS,
1021,Large green bin,Malaga Plastics,Green,23/11/25,06:34:27,BARRY,Used – damaged,BINS,
2001,3-step,Total Tools,Aluminium,24/11/25,06:34:34,JIM,Used – good,LADDERS,
2002,3-step,Total Tools,Aluminium,25/11/25,06:34:41,JIM,Used – good,LADDERS,
2003,3-step,Total Tools,Aluminium,26/11/25,06:34:48,JIM,Used – good,LADDERS,
2004,3-step,Total Tools,Aluminium,27/11/25,06:34:55,JIM,Used – good,LADDERS,
2005,4-step,Total Tools,Fibreglass,28/11/25,06:35:02,JIM,Used – good,LADDERS,
2006,4-step,Total Tools,Fibreglass,29/11/25,06:35:09,JIM,Used – good,LADDERS,
2007,4-step,Total Tools,Fibreglass,30/11/25,06:35:16,JIM,Used – good,LADDERS,
2008,4-step,Total Tools,Aluminium,01/12/25,06:35:23,JIM,Used – good,LADDERS,
2009,4-step,Total Tools,Aluminium,02/12/25,06:35:30,JIM,Used – good,LADDERS,
2010,4-step,Total Tools,Fibreglass,03/12/25,06:35:37,JIM,Used – good,LADDERS,
2011,4-step,Total Tools,Fibreglass,04/12/25,06:35:44,JIM,Used – good,LADDERS,
2012,4-step,Total Tools,Fibreglass,05/12/25,06:35:51,JIM,Used – good,LADDERS,
2013,4-step,Total Tools,Fibreglass,06/12/25,06:35:58,JIM,Used – good,LADDERS,
2014,4-step,Total Tools,Fibreglass,07/12/25,06:36:05,JIM,Used – good,LADDERS,
2015,4-step,Total Tools,Fibreglass,08/12/25,06:36:12,JIM,Used – good,LADDERS,
2016,4-step,Total Tools,Aluminium,09/12/25,06:36:19,JIM,Used – good,LADDERS,
2017,4-step,Total Tools,Aluminium,10/12/25,06:36:26,JIM,Used – good,LADDERS,
2018,5-step,Total Tools,Aluminium,11/12/25,06:36:33,JIM,Used – good,LADDERS,
2019,5-step,Total Tools,Aluminium,12/12/25,06:36:40,JIM,Used – good,LADDERS,
2020,5-step,Total Tools,Fibreglass,13/12/25,06:36:47,JIM,Used – good,LADDERS,
2021,5-step,Total Tools,Fibreglass,14/12/25,06:36:54,JIM,Used – good,LADDERS,
2022,5-step,Total Tools,Fibreglass,15/12/25,06:37:01,JIM,Used – good,LADDERS,
2023,5-step,Total Tools,Fibreglass,16/12/25,06:37:08,JIM,Used – good,LADDERS,
2024,5-step,Total Tools,Fibreglass,17/12/25,06:37:15,JIM,Used – good,LADDERS,
2025,5-step,Total Tools,Fibreglass,18/12/25,06:37:22,JIM,Used – good,LADDERS,
2026,5-step,Total Tools,Aluminium,19/12/25,06:37:29,JIM,Used – good,LADDERS,
2027,5-step,Total Tools,Aluminium,20/12/25,06:37:36,JIM,Used – good,LADDERS,
2028,7-step,Total Tools,Aluminium,21/12/25,06:37:43,JIM,Used – good,LADDERS,
2029,7-step,Total Tools,Aluminium,22/12/25,06:37:50,JIM,Used – good,LADDERS,
2030,7-step,Total Tools,Aluminium,23/12/25,06:37:57,JIM,Used – good,LADDERS,
2031,10-step,Total Tools,Aluminium,24/12/25,06:38:04,JIM,Used – good,LADDERS,
2032,10-step,Total Tools,Aluminium,25/12/25,06:38:11,JIM,Used – good,LADDERS,
2033,10-step,Total Tools,Aluminium,26/12/25,06:38:18,JIM,Used – good,LADDERS,
3001,18v Battery,Makita ,"Used, not in good condition",27/12/25,06:38:25,JIM,Used – good,POWER-TOOLS,
3002,18v Battery,Makita ,"Used, not in good condition",28/12/25,06:38:32,JIM,Used – good,POWER-TOOLS,
3003,18v Battery,Makita ,"Used, not in good condition",29/12/25,06:38:39,JIM,Used – good,POWER-TOOLS,
3004,18v Battery,Makita ,"Used, not in good condition",30/12/25,06:38:46,JIM,Used – good,POWER-TOOLS,
3005,18v Battery,Makita ,"Used, not in good condition",31/12/25,06:38:53,JIM,Used – good,POWER-TOOLS,
3006,18v Battery,Makita ,"Used, not in good condition",01/01/26,06:39:00,JIM,Used – good,POWER-TOOLS,
3007,18v Battery,Makita ,"Used, not in good condition",02/01/26,06:39:07,JIM,Used – good,POWER-TOOLS,
3008,18v Battery,Makita ,"Used, not in good condition",03/01/26,06:39:14,JIM,Used – good,POWER-TOOLS,
3009,36v Battery,Milwaukee,"Used, not in good condition",04/01/26,06:39:21,JIM,Used – good,POWER-TOOLS,
3010,36v Battery,Milwaukee,"Used, not in good condition",05/01/26,06:39:28,JIM,Used – good,POWER-TOOLS,
3011,36v Battery,Milwaukee,"Used, not in good condition",06/01/26,06:39:35,JIM,Used – good,POWER-TOOLS,
3012,36v Battery,Milwaukee,"Used, not in good condition",07/01/26,06:39:42,JIM,Used – good,POWER-TOOLS,
3013,36v Battery,Milwaukee,"Used, not in good condition",08/01/26,06:39:49,JIM,Used – good,POWER-TOOLS,
3014,36v Battery,Milwaukee,"Used, not in good condition",09/01/26,06:39:56,JIM,Used – good,POWER-TOOLS,
3015,36v Battery,Milwaukee,"Used, not in good condition",10/01/26,06:40:03,JIM,Used – good,POWER-TOOLS,
3016,36v Battery,Milwaukee,"Used, not in good condition",11/01/26,06:40:10,JIM,Used – good,POWER-TOOLS,
3017,36v Battery,Milwaukee,"Used, not in good condition",12/01/26,06:40:17,JIM,Used – good,POWER-TOOLS,
3018,18v Battery,Makita ,"Used, not in good condition",13/01/26,06:40:24,JIM,Used – good,POWER-TOOLS,
3019,18v Battery,Makita ,"Used, not in good condition",14/01/26,06:40:31,JIM,Used – good,POWER-TOOLS,
3020,18v Battery,Makita ,"Used, not in good condition",15/01/26,06:40:38,JIM,Used – good,POWER-TOOLS,
3021,18v Battery,Makita ,"Used, not in good condition",16/01/26,06:40:45,JIM,Used – good,POWER-TOOLS,
3022,18v Battery,Bosch,"Used, not in good condition",17/01/26,06:40:52,JIM,Used – good,POWER-TOOLS,
3023,18v Battery,Bosch,"Used, not in good condition",18/01/26,06:40:59,JIM,Used – good,POWER-TOOLS,
3024,18v Battery,Bosch,"Used, not in good condition",19/01/26,06:41:06,JIM,Used – good,POWER-TOOLS,
3025,18v Battery,Bosch,"Used, not in good condition",20/01/26,06:41:13,JIM,Used – good,POWER-TOOLS,
3026,18v Battery,Bosch,"Used, not in good condition",21/01/26,06:41:20,JIM,Used – good,POWER-TOOLS,
3027,18v Battery,Bosch,"Used, not in good condition",22/01/26,06:41:27,JIM,Used – good,POWER-TOOLS,
3028,18v Battery,Bosch,"Used, not in good condition",23/01/26,06:41:34,JIM,Used – good,POWER-TOOLS,
3029,18v Battery,Makita ,"Used, not in good condition",24/01/26,06:41:41,JIM,Used – good,POWER-TOOLS,
3030,18v Battery,Makita ,"Used, not in good condition",25/01/26,06:41:48,JIM,Used – good,POWER-TOOLS,
3031,18v Battery,Makita ,"Used, not in good condition",26/01/26,06:41:55,JIM,Used – good,POWER-TOOLS,
3032,18v Battery,Makita ,"Used, not in good condition",27/01/26,06:42:02,JIM,Used – good,POWER-TOOLS,
3033,18v Battery,Makita ,"Used, not in good condition",28/01/26,06:42:09,JIM,Used – good,POWER-TOOLS,
3034,18v Battery,Makita ,"Used, not in good condition",29/01/26,06:42:16,JIM,Used – good,POWER-TOOLS,
4001,Hammer Drill,Makita ,"Used, good condition",30/01/26,06:42:23,JIM,Used – good,POWER-TOOLS,
4002,Hammer Drill,Makita ,"Used, good condition",31/01/26,06:42:30,JIM,Used – good,POWER-TOOLS,
4003,Hammer Drill,Makita ,"Used, good condition",01/02/26,06:42:37,JIM,Used – good,POWER-TOOLS,
4004,Hammer Drill,Bosch,"Used, good condition",02/02/26,06:42:44,JIM,Used – good,POWER-TOOLS,
4005,Hammer Drill,Bosch,"Used, good condition",03/02/26,06:42:51,JIM,Used – good,POWER-TOOLS,
4006,Hammer Drill,Bosch,"Used, good condition",04/02/26,06:42:58,JIM,Used – good,POWER-TOOLS,
4007,Hammer Drill,Bosch,"Used, good condition",05/02/26,06:43:05,JIM,Used – good,POWER-TOOLS,
4008,Hammer Drill,Bosch,"Used, good condition",06/02/26,06:43:12,JIM,Used – good,POWER-TOOLS,
4009,Hammer Drill,Bosch,"Used, good condition",07/02/26,06:43:19,JIM,Used – good,POWER-TOOLS,
4010,Hammer Drill,Bosch,"Used, good condition",08/02/26,06:43:26,JIM,Used – good,POWER-TOOLS,
4011,Hammer Drill,Bosch,"Used, good condition",09/02/26,06:43:33,JIM,Used – good,POWER-TOOLS,
4012,Hammer Drill,Bosch,"Used, good condition",10/02/26,06:43:40,JIM,Used – good,POWER-TOOLS,
4013,Hammer Drill,Bosch,"Used, good condition",11/02/26,06:43:47,JIM,Used – good,POWER-TOOLS,
4014,Hammer Drill,Makita ,"Used, good condition",12/02/26,06:43:54,JIM,Used – good,POWER-TOOLS,
4015,Hammer Drill,Makita ,"Used, good condition",13/02/26,06:44:01,JIM,Used – good,POWER-TOOLS,
4016,Hammer Drill,Makita ,"Used, good condition",14/02/26,06:44:08,JIM,Used – good,POWER-TOOLS,
4017,Hammer Drill,Makita ,"Used, good condition",15/02/26,06:44:15,JIM,Used – good,POWER-TOOLS,
4018,Hammer Drill,Makita ,"Used, good condition",16/02/26,06:44:22,JIM,Used – good,POWER-TOOLS,
4019,Hammer Drill,Makita ,"Used, good condition",17/02/26,06:44:29,PETE,Used – good,POWER-TOOLS,
4020,Hammer Drill,Milwaukee,"Used, good condition",18/02/26,06:44:36,PETE,Used – good,POWER-TOOLS,
4021,Hammer Drill,Milwaukee,"Used, good condition",19/02/26,06:44:43,PETE,Used – good,POWER-TOOLS,
4022,Hammer Drill,Milwaukee,"Used, good condition",20/02/26,06:44:50,PETE,Used – good,POWER-TOOLS,
4023,Hammer Drill,Milwaukee,"Used, good condition",21/02/26,06:44:57,PETE,Used – good,POWER-TOOLS,
4024,Hammer Drill,Milwaukee,"Used, good condition",22/02/26,06:45:04,PETE,Used – good,POWER-TOOLS,
4025,Hammer Drill,Milwaukee,"Used, good condition",23/02/26,06:45:11,PETE,Used – good,POWER-TOOLS,
4026,Hammer Drill,Makita ,"Used, good condition",24/02/26,06:45:18,PETE,Used – good,POWER-TOOLS,
4027,Hammer Drill,Makita ,"Used, good condition",25/02/26,06:45:25,PETE,Used – good,POWER-TOOLS,
4028,Hammer Drill,Makita ,"Used, good condition",26/02/26,06:45:32,PETE,Used – good,POWER-TOOLS,
4029,Hammer Drill,Makita ,"Used, good condition",27/02/26,06:45:39,PETE,Used – good,POWER-TOOLS,
4030,Hammer Drill,Makita ,"Used, good condition",28/02/26,06:45:46,PETE,Used – good,POWER-TOOLS,
4031,Hammer Drill,Makita ,"Used, good condition",01/03/26,06:45:53,PETE,Used – good,POWER-TOOLS,
4032,Hammer Drill,Makita ,"Used, good condition",02/03/26,06:46:00,PETE,Used – good,POWER-TOOLS,
4033,Hammer Drill,Makita ,"Used, good condition",03/03/26,06:46:07,PETE,Used – good,POWER-TOOLS,
4034,Hammer Drill,Makita ,"Used, good condition",04/03/26,06:46:14,PETE,Used – good,POWER-TOOLS,
4035,Hammer Drill,Makita ,"Used, good condition",05/03/26,06:46:21,PETE,Used – good,POWER-TOOLS,
4036,Hammer Drill,Makita ,"Used, good condition",06/03/26,06:46:28,PETE,Used – good,POWER-TOOLS,
4037,Hammer Drill,Makita ,"Used, good condition",07/03/26,06:46:35,PETE,Used – good,POWER-TOOLS,
4038,Hammer Drill,Makita ,"Used, good condition",08/03/26,06:46:42,PETE,Used – good,POWER-TOOLS,
4039,Hammer Drill,Makita ,"Used, good condition",09/03/26,06:46:49,PETE,Used – good,POWER-TOOLS,
4040,Hammer Drill,Makita ,"Used, good condition",10/03/26,06:46:56,PETE,Used – good,POWER-TOOLS,
4041,Hammer Drill,Makita ,"Used, good condition",11/03/26,06:47:03,PETE,Used – good,POWER-TOOLS,
4042,Hammer Drill,Makita ,"Used, good condition",12/03/26,06:47:10,PETE,Used – good,POWER-TOOLS,
4043,Hammer Drill,Makita ,"Used, good condition",13/03/26,06:47:17,PETE,Used – good,POWER-TOOLS,
4044,Hammer Drill,Makita ,"Used, good condition",14/03/26,06:47:24,PETE,Used – good,POWER-TOOLS,
4045,Hammer Drill,Makita ,"Used, good condition",15/03/26,06:47:31,PETE,Used – good,POWER-TOOLS,
4046,Hammer Drill,Makita ,"Used, good condition",16/03/26,06:47:38,PETE,Used – good,POWER-TOOLS,
4047,Hammer Drill,Makita ,"Used, good condition",17/03/26,06:47:45,PETE,Used – good,POWER-TOOLS,
4048,Hammer Drill,Makita ,"Used, good condition",18/03/26,06:47:52,PETE,Used – good,POWER-TOOLS,
4049,Hammer Drill,Makita ,"Used, good condition",19/03/26,06:47:59,PETE,Used – good,POWER-TOOLS,
4050,Hammer Drill,Makita ,"Used, good condition",20/03/26,06:48:06,PETE,Used – good,POWER-TOOLS,
4051,Hammer Drill,Makita ,"Used, good condition",21/03/26,06:48:13,PETE,Used – good,POWER-TOOLS,
4052,Hammer Drill,Makita ,"Used, good condition",22/03/26,06:48:20,PETE,Used – good,POWER-TOOLS,
4053,Hammer Drill,Makita ,"Used, good condition",23/03/26,06:48:27,PETE,Used – good,POWER-TOOLS,
4054,Hammer Drill,Makita ,"Used, good condition",24/03/26,06:48:34,PETE,Used – good,POWER-TOOLS,
4055,Hammer Drill,Makita ,"Used, good condition",25/03/26,06:48:41,PETE,Used – good,POWER-TOOLS,
4056,Hammer Drill,Makita ,"Used, good condition",26/03/26,06:48:48,PETE,Used – good,POWER-TOOLS,
4057,Hammer Drill,Makita ,"Used, good condition",27/03/26,06:48:55,PETE,Used – good,POWER-TOOLS,
4058,Hammer Drill,Makita ,"Used, good condition",28/03/26,06:49:02,PETE,Used – good,POWER-TOOLS,
4059,Hammer Drill,Makita ,"Used, good condition",29/03/26,06:49:09,PETE,Used – good,POWER-TOOLS,
4060,Hammer Drill,Makita ,"Used, good condition",30/03/26,06:49:16,PETE,Used – good,POWER-TOOLS,
4061,Hammer Drill,Makita ,"Used, good condition",31/03/26,06:49:23,PETE,Used – good,POWER-TOOLS,
4062,Hammer Drill,Makita ,"Used, good condition",01/04/26,06:49:30,PETE,Used – good,POWER-TOOLS,
4063,Hammer Drill,Makita ,"Used, good condition",02/04/26,06:49:37,PETE,Used – good,POWER-TOOLS,
4064,Hammer Drill,Makita ,"Used, good condition",03/04/26,06:49:44,PETE,Used – good,POWER-TOOLS,
4065,Hammer Drill,Makita ,"Used, good condition",04/04/26,06:49:51,PETE,Used – good,POWER-TOOLS,
4066,Hammer Drill,Makita ,"Used, good condition",05/04/26,06:49:58,PETE,Used – good,POWER-TOOLS,
4067,Hammer Drill,Makita ,"Used, good condition",06/04/26,06:50:05,PETE,Used – good,POWER-TOOLS,
4068,Hammer Drill,Makita ,"Used, good condition",07/04/26,06:50:12,PETE,Used – good,POWER-TOOLS,
4069,Hammer Drill,Makita ,"Used, good condition",08/04/26,06:50:19,PETE,Used – good,POWER-TOOLS,
4070,Hammer Drill,Makita ,"Used, good condition",09/04/26,06:50:26,PETE,Used – good,POWER-TOOLS,
4071,Hammer Drill,Makita ,"Used, good condition",10/04/26,06:50:33,PETE,Used – good,POWER-TOOLS,
4072,Hammer Drill,Makita ,"Used, good condition",11/04/26,06:50:40,PETE,Used – good,POWER-TOOLS,
4073,Hammer Drill,Makita ,"Used, good condition",12/04/26,06:50:47,PETE,Used – good,POWER-TOOLS,
4074,Hammer Drill,Makita ,"Used, good condition",13/04/26,06:50:54,PETE,Used – good,POWER-TOOLS,
4075,Hammer Drill,Makita ,"Used, good condition",14/04/26,06:51:01,PETE,Used – good,POWER-TOOLS,
4076,Hammer Drill,Makita ,"Used, good condition",15/04/26,06:51:08,PETE,Used – good,POWER-TOOLS,
4077,Hammer Drill,Makita ,"Used, good condition",16/04/26,06:51:15,PETE,Used – good,POWER-TOOLS,
4078,Hammer Drill,Makita ,"Used, good condition",17/04/26,06:51:22,PETE,Used – good,POWER-TOOLS,
4079,Hammer Drill,Makita ,"Used, good condition",18/04/26,06:51:29,PETE,Used – good,POWER-TOOLS,
4080,Hammer Drill,Makita ,"Used, good condition",19/04/26,06:51:36,PETE,Used – good,POWER-TOOLS,
4081,Hammer Drill,Makita ,"Used, good condition",20/04/26,06:51:43,PETE,Used – good,POWER-TOOLS,
4082,Hammer Drill,Makita ,"Used, good condition",21/04/26,06:51:50,PETE,Used – good,POWER-TOOLS,
4083,Hammer Drill,Makita ,"Used, good condition",22/04/26,06:51:57,PETE,Used – good,POWER-TOOLS,
4084,Hammer Drill,Makita ,"Used, good condition",23/04/26,06:52:04,PETE,Used – good,POWER-TOOLS,
4085,Hammer Drill,Makita ,"Used, good condition",24/04/26,06:52:11,PETE,Used – good,POWER-TOOLS,
4086,Hammer Drill,Makita ,"Used, good condition",25/04/26,06:52:18,PETE,Used – good,POWER-TOOLS,
4087,Hammer Drill,Makita ,"Used, good condition",26/04/26,06:52:25,PETE,Used – good,POWER-TOOLS,
4088,Hammer Drill,Makita ,"Used, good condition",27/04/26,06:52:32,PETE,Used – good,POWER-TOOLS,
4089,Hammer Drill,Makita ,"Used, good condition",28/04/26,06:52:39,PETE,Used – good,POWER-TOOLS,
4090,Hammer Drill,Makita ,"Used, good condition",29/04/26,06:52:46,PETE,Used – good,POWER-TOOLS,
4091,Hammer Drill,Makita ,"Used, good condition",30/04/26,06:52:53,PETE,Used – good,POWER-TOOLS,
4092,Hammer Drill,Makita ,"Used, good condition",01/05/26,06:53:00,PETE,Used – good,POWER-TOOLS,
4093,Hammer Drill,Makita ,"Used, good condition",02/05/26,06:53:07,PETE,Used – good,POWER-TOOLS,
4094,Hammer Drill,Makita ,"Used, good condition",03/05/26,06:53:14,PETE,Used – good,POWER-TOOLS,
4095,Hammer Drill,Makita ,"Used, good condition",04/05/26,06:53:21,PETE,Used – good,POWER-TOOLS,
4096,Hammer Drill,Makita ,"Used, good condition",05/05/26,06:53:28,PETE,Used – good,POWER-TOOLS,
4097,Hammer Drill,Makita ,"Used, good condition",06/05/26,06:53:35,PETE,Used – good,POWER-TOOLS,
4098,Hammer Drill,Makita ,"Used, good condition",07/05/26,06:53:42,PETE,Used – good,POWER-TOOLS,
4099,Hammer Drill,Makita ,"Used, good condition",08/05/26,06:53:49,PETE,Used – good,POWER-TOOLS,
4100,Hammer Drill,Makita ,"Used, good condition",09/05/26,06:53:56,PETE,Used – good,POWER-TOOLS,
4101,Hammer Drill,Makita ,"Used, good condition",10/05/26,06:54:03,PETE,Used – good,POWER-TOOLS,
4102,Hammer Drill,Makita ,"Used, good condition",11/05/26,06:54:10,PETE,Used – good,POWER-TOOLS,
4103,Hammer Drill,Makita ,"Used, good condition",12/05/26,06:54:17,PETE,Used – good,POWER-TOOLS,
4104,Hammer Drill,Makita ,"Used, good condition",13/05/26,06:54:24,PETE,Used – good,POWER-TOOLS,
4105,Hammer Drill,Makita ,"Used, good condition",14/05/26,06:54:31,PETE,Used – good,POWER-TOOLS,
4106,Hammer Drill,Makita ,"Used, good condition",15/05/26,06:54:38,PETE,Used – good,POWER-TOOLS,
4107,Hammer Drill,Makita ,"Used, good condition",16/05/26,06:54:45,PETE,Used – good,POWER-TOOLS,
4108,Hammer Drill,Makita ,"Used, good condition",17/05/26,06:54:52,PETE,Used – good,POWER-TOOLS,
4109,Hammer Drill,Makita ,"Used, good condition",18/05/26,06:54:59,PETE,Used – good,POWER-TOOLS,
4110,Hammer Drill,Makita ,"Used, good condition",19/05/26,06:55:06,PETE,Used – good,POWER-TOOLS,
4111,Hammer Drill,Makita ,"Used, good condition",20/05/26,06:55:13,PETE,Used – good,POWER-TOOLS,
4112,Hammer Drill,Makita ,"Used, good condition",21/05/26,06:55:20,PETE,Used – good,POWER-TOOLS,
4113,Hammer Drill,Makita ,"Used, good condition",22/05/26,06:55:27,PETE,Used – good,POWER-TOOLS,
4114,Hammer Drill,Makita ,"Used, good condition",23/05/26,06:55:34,PETE,Used – good,POWER-TOOLS,
4115,Hammer Drill,Makita ,"Used, good condition",24/05/26,06:55:41,PETE,Used – good,POWER-TOOLS,
4116,Hammer Drill,Makita ,"Used, good condition",25/05/26,06:55:48,PETE,Used – good,POWER-TOOLS,
4117,Hammer Drill,Makita ,"Used, good condition",26/05/26,06:55:55,PETE,Used – good,POWER-TOOLS,
4118,Hammer Drill,Makita ,"Used, good condition",27/05/26,06:56:02,PETE,Used – good,POWER-TOOLS,
4119,Hammer Drill,Makita ,"Used, good condition",28/05/26,06:56:09,PETE,Used – good,POWER-TOOLS,
4120,Hammer Drill,Makita ,"Used, good condition",29/05/26,06:56:16,PETE,Used – good,POWER-TOOLS,
4121,Hammer Drill,Makita ,"Used, good condition",30/05/26,06:56:23,PETE,Used – good,POWER-TOOLS,
4122,Hammer Drill,Makita ,"Used, good condition",31/05/26,06:56:30,PETE,Used – good,POWER-TOOLS,
4123,Hammer Drill,Makita ,"Used, good condition",01/06/26,06:56:37,PETE,Used – good,POWER-TOOLS,
4124,Hammer Drill,Makita ,"Used, good condition",02/06/26,06:56:44,PETE,Used – good,POWER-TOOLS,
4125,Hammer Drill,Makita ,"Used, good condition",03/06/26,06:56:51,PETE,Used – good,POWER-TOOLS,
4126,Hammer Drill,Makita ,"Used, good condition",04/06/26,06:56:58,PETE,Used – good,POWER-TOOLS,
4127,Hammer Drill,Makita ,"Used, good condition",05/06/26,06:57:05,PETE,Used – good,POWER-TOOLS,
4128,Hammer Drill,Makita ,"Used, good condition",06/06/26,06:57:12,PETE,Used – good,POWER-TOOLS,
4129,Hammer Drill,Makita ,"Used, good condition",07/06/26,06:57:19,PETE,Used – good,POWER-TOOLS,
4130,Hammer Drill,Makita ,"Used, good condition",08/06/26,06:57:26,PETE,Used – good,POWER-TOOLS,
4131,Hammer Drill,Makita ,"Used, good condition",09/06/26,06:57:33,PETE,Used – good,POWER-TOOLS,
4132,Hammer Drill,Makita ,"Used, good condition",10/06/26,06:57:40,PETE,Used – good,POWER-TOOLS,
4133,Hammer Drill,Makita ,"Used, good condition",11/06/26,06:57:47,PETE,Used – good,POWER-TOOLS,
4134,Hammer Drill,Makita ,"Used, good condition",12/06/26,06:57:54,PETE,Used – good,POWER-TOOLS,
4135,Hammer Drill,Makita ,"Used, good condition",13/06/26,06:58:01,PETE,Used – good,POWER-TOOLS,
4136,Hammer Drill,Makita ,"Used, good condition",14/06/26,06:58:08,PETE,Used – good,POWER-TOOLS,
4137,Hammer Drill,Makita ,"Used, good condition",15/06/26,06:58:15,PETE,Used – good,POWER-TOOLS,
4138,Hammer Drill,Makita ,"Used, good condition",16/06/26,06:58:22,PETE,Used – good,POWER-TOOLS,
4139,Hammer Drill,Makita ,"Used, good condition",17/06/26,06:58:29,PETE,Used – good,POWER-TOOLS,
4140,Hammer Drill,Makita ,"Used, good condition",18/06/26,06:58:36,PETE,Used – good,POWER-TOOLS,
4141,Hammer Drill,Makita ,"Used, good condition",19/06/26,06:58:43,PETE,Used – good,POWER-TOOLS,
4142,Hammer Drill,Makita ,"Used, good condition",20/06/26,06:58:50,PETE,Used – good,POWER-TOOLS,
4143,Hammer Drill,Makita ,"Used, good condition",21/06/26,06:58:57,PETE,Used – good,POWER-TOOLS,
4144,Hammer Drill,Makita ,"Used, good condition",22/06/26,06:59:04,PETE,Used – good,POWER-TOOLS,
4145,Hammer Drill,Makita ,"Used, good condition",23/06/26,06:59:11,PETE,Used – good,POWER-TOOLS,
4146,Hammer Drill,Makita ,"Used, good condition",24/06/26,06:59:18,PETE,Used – good,POWER-TOOLS,
4147,Hammer Drill,Makita ,"Used, good condition",25/06/26,06:59:25,PETE,Used – good,POWER-TOOLS,
4148,Hammer Drill,Makita ,"Used, good condition",26/06/26,06:59:32,PETE,Used – good,POWER-TOOLS,
4149,Hammer Drill,Makita ,"Used, good condition",27/06/26,06:59:39,PETE,Used – good,POWER-TOOLS,
4150,Hammer Drill,Makita ,"Used, good condition",28/06/26,06:59:46,PETE,Used – good,POWER-TOOLS,
4151,Hammer Drill,Makita ,"Used, good condition",29/06/26,06:59:53,PETE,Used – good,POWER-TOOLS,
4152,Hammer Drill,Makita ,"Used, good condition",30/06/26,07:00:00,PETE,Used – good,POWER-TOOLS,
4153,Hammer Drill,Makita ,"Used, good condition",01/07/26,07:00:07,PETE,Used – good,POWER-TOOLS,
4154,Hammer Drill,Makita ,"Used, good condition",02/07/26,07:00:14,PETE,Used – good,POWER-TOOLS,
4155,Hammer Drill,Makita ,"Used, good condition",03/07/26,07:00:21,PETE,Used – good,POWER-TOOLS,
4156,Hammer Drill,Makita ,"Used, good condition",04/07/26,07:00:28,PETE,Used – good,POWER-TOOLS,
4157,Hammer Drill,Makita ,"Used, good condition",05/07/26,07:00:35,PETE,Used – good,POWER-TOOLS,
4158,Hammer Drill,Makita ,"Used, good condition",06/07/26,07:00:42,PETE,Used – good,POWER-TOOLS,
4159,Hammer Drill,Makita ,"Used, good condition",07/07/26,07:00:49,PETE,Used – good,POWER-TOOLS,
4160,Hammer Drill,Makita ,"Used, good condition",08/07/26,07:00:56,PETE,Used – good,POWER-TOOLS,
4161,Hammer Drill,Makita ,"Used, good condition",09/07/26,07:01:03,PETE,Used – good,POWER-TOOLS,
4162,Hammer Drill,Makita ,"Used, good condition",10/07/26,07:01:10,PETE,Used – good,POWER-TOOLS,
4163,Hammer Drill,Makita ,"Used, good condition",11/07/26,07:01:17,PETE,Used – good,POWER-TOOLS,
4164,Hammer Drill,Makita ,"Used, good condition",12/07/26,07:01:24,PETE,Used – good,POWER-TOOLS,
4165,Hammer Drill,Makita ,"Used, good condition",13/07/26,07:01:31,PETE,Used – good,POWER-TOOLS,
4166,Hammer Drill,Makita ,"Used, good condition",14/07/26,07:01:38,PETE,Used – good,POWER-TOOLS,
4167,Hammer Drill,Makita ,"Used, good condition",15/07/26,07:01:45,PETE,Used – good,POWER-TOOLS,
4168,Hammer Drill,Makita ,"Used, good condition",16/07/26,07:01:52,PETE,Used – good,POWER-TOOLS,
4169,Hammer Drill,Makita ,"Used, good condition",17/07/26,07:01:59,PETE,Used – good,POWER-TOOLS,
4170,Hammer Drill,Makita ,"Used, good condition",18/07/26,07:02:06,PETE,Used – good,POWER-TOOLS,
4171,Hammer Drill,Makita ,"Used, good condition",19/07/26,07:02:13,PETE,Used – good,POWER-TOOLS,
4172,Hammer Drill,Makita ,"Used, good condition",20/07/26,07:02:20,PETE,Used – good,POWER-TOOLS,
4173,Hammer Drill,Makita ,"Used, good condition",21/07/26,07:02:27,PETE,Used – good,POWER-TOOLS,
4174,Hammer Drill,Makita ,"Used, good condition",22/07/26,07:02:34,PETE,Used – good,POWER-TOOLS,
4175,Hammer Drill,Makita ,"Used, good condition",23/07/26,07:02:41,PETE,Used – good,POWER-TOOLS,
4176,Hammer Drill,Makita ,"Used, good condition",24/07/26,07:02:48,PETE,Used – good,POWER-TOOLS,
4177,Hammer Drill,Makita ,"Used, good condition",25/07/26,07:02:55,PETE,Used – good,POWER-TOOLS,
4178,Hammer Drill,Makita ,"Used, good condition",26/07/26,07:03:02,PETE,Used – good,POWER-TOOLS,
4179,Hammer Drill,Makita ,"Used, good condition",27/07/26,07:03:09,PETE,Used – good,POWER-TOOLS,
4180,Hammer Drill,Makita ,"Used, good condition",28/07/26,07:03:16,PETE,Used – good,POWER-TOOLS,
4181,Hammer Drill,Makita ,"Used, good condition",29/07/26,07:03:23,PETE,Used – good,POWER-TOOLS,
4182,Hammer Drill,Makita ,"Used, good condition",30/07/26,07:03:30,PETE,Used – good,POWER-TOOLS,
4183,Hammer Drill,Makita ,"Used, good condition",31/07/26,07:03:37,PETE,Used – good,POWER-TOOLS,
4184,Hammer Drill,Makita ,"Used, good condition",01/08/26,07:03:44,PETE,Used – good,POWER-TOOLS,
4185,Hammer Drill,Makita ,"Used, good condition",02/08/26,07:03:51,PETE,Used – good,POWER-TOOLS,
4186,Hammer Drill,Makita ,"Used, good condition",03/08/26,07:03:58,PETE,Used – good,POWER-TOOLS,
4187,Hammer Drill,Makita ,"Used, good condition",04/08/26,07:04:05,PETE,Used – good,POWER-TOOLS,
4188,Hammer Drill,Makita ,"Used, good condition",05/08/26,07:04:12,PETE,Used – good,POWER-TOOLS,
4189,Hammer Drill,Makita ,"Used, good condition",06/08/26,07:04:19,PETE,Used – good,POWER-TOOLS,
4190,Hammer Drill,Makita ,"Used, good condition",07/08/26,07:04:26,PETE,Used – good,POWER-TOOLS,
4191,Hammer Drill,Makita ,"Used, good condition",08/08/26,07:04:33,PETE,Used – good,POWER-TOOLS,
4192,Hammer Drill,Makita ,"Used, good condition",09/08/26,07:04:40,PETE,Used – good,POWER-TOOLS,
4193,Hammer Drill,Makita ,"Used, good condition",10/08/26,07:04:47,PETE,Used – good,POWER-TOOLS,
4194,Hammer Drill,Makita ,"Used, good condition",11/08/26,07:04:54,PETE,Used – good,POWER-TOOLS,
4195,Hammer Drill,Makita ,"Used, good condition",12/08/26,07:05:01,PETE,Used – good,POWER-TOOLS,
4196,Hammer Drill,Makita ,"Used, good condition",13/08/26,07:05:08,PETE,Used – good,POWER-TOOLS,
4197,Hammer Drill,Makita ,"Used, good condition",14/08/26,07:05:15,PETE,Used – good,POWER-TOOLS,
4198,Hammer Drill,Makita ,"Used, good condition",15/08/26,07:05:22,PETE,Used – good,POWER-TOOLS,
4199,Hammer Drill,Makita ,"Used, good condition",16/08/26,07:05:29,PETE,Used – good,POWER-TOOLS,
4200,Hammer Drill,Makita ,"Used, good condition",17/08/26,07:05:36,PETE,Used – good,POWER-TOOLS,
4201,Hammer Drill,Makita ,"Used, good condition",18/08/26,07:05:43,PETE,Used – good,POWER-TOOLS,
4202,Hammer Drill,Makita ,"Used, good condition",19/08/26,07:05:50,PETE,Used – good,POWER-TOOLS,
4203,Hammer Drill,Makita ,"Used, good condition",20/08/26,07:05:57,PETE,Used – good,POWER-TOOLS,
4204,Hammer Drill,Makita ,"Used, good condition",21/08/26,07:06:04,PETE,Used – good,POWER-TOOLS,
4205,Hammer Drill,Makita ,"Used, good condition",22/08/26,07:06:11,PETE,Used – good,POWER-TOOLS,
4206,Hammer Drill,Makita ,"Used, good condition",23/08/26,07:06:18,PETE,Used – good,POWER-TOOLS,
4207,Hammer Drill,Makita ,"Used, good condition",24/08/26,07:06:25,PETE,Used – good,POWER-TOOLS,
4208,Hammer Drill,Makita ,"Used, good condition",25/08/26,07:06:32,PETE,Used – good,POWER-TOOLS,
4209,Hammer Drill,Makita ,"Used, good condition",26/08/26,07:06:39,PETE,Used – good,POWER-TOOLS,
4210,Hammer Drill,Makita ,"Used, good condition",27/08/26,07:06:46,PETE,Used – good,POWER-TOOLS,
4211,Hammer Drill,Makita ,"Used, good condition",28/08/26,07:06:53,PETE,Used – good,POWER-TOOLS,
4212,Hammer Drill,Makita ,"Used, good condition",29/08/26,07:07:00,PETE,Used – good,POWER-TOOLS,
4213,Hammer Drill,Makita ,"Used, good condition",30/08/26,07:07:07,PETE,Used – good,POWER-TOOLS,
4214,Hammer Drill,Makita ,"Used, good condition",31/08/26,07:07:14,PETE,Used – good,POWER-TOOLS,
4215,Hammer Drill,Makita ,"Used, good condition",01/09/26,07:07:21,PETE,Used – good,POWER-TOOLS,
4216,Hammer Drill,Makita ,"Used, good condition",02/09/26,07:07:28,PETE,Used – good,POWER-TOOLS,
4217,Hammer Drill,Makita ,"Used, good condition",03/09/26,07:07:35,PETE,Used – good,POWER-TOOLS,
4218,Hammer Drill,Makita ,"Used, good condition",04/09/26,07:07:42,PETE,Used – good,POWER-TOOLS,
4219,Hammer Drill,Makita ,"Used, good condition",05/09/26,07:07:49,PETE,Used – good,POWER-TOOLS,
4220,Hammer Drill,Makita ,"Used, good condition",06/09/26,07:07:56,PETE,Used – good,POWER-TOOLS,
4221,Hammer Drill,Makita ,"Used, good condition",07/09/26,07:08:03,PETE,Used – good,POWER-TOOLS,
4222,Hammer Drill,Makita ,"Used, good condition",08/09/26,07:08:10,PETE,Used – good,POWER-TOOLS,
4223,Hammer Drill,Makita ,"Used, good condition",09/09/26,07:08:17,PETE,Used – good,POWER-TOOLS,
4224,Hammer Drill,Makita ,"Used, good condition",10/09/26,07:08:24,PETE,Used – good,POWER-TOOLS,
4225,Hammer Drill,Makita ,"Used, good condition",11/09/26,07:08:31,PETE,Used – good,POWER-TOOLS,
4226,Hammer Drill,Makita ,"Used, good condition",12/09/26,07:08:38,PETE,Used – good,POWER-TOOLS,
4227,Hammer Drill,Makita ,"Used, good condition",13/09/26,07:08:45,PETE,Used – good,POWER-TOOLS,
4228,Hammer Drill,Makita ,"Used, good condition",14/09/26,07:08:52,PETE,Used – good,POWER-TOOLS,
4229,Hammer Drill,Makita ,"Used, good condition",15/09/26,07:08:59,PETE,Used – good,POWER-TOOLS,
4230,Hammer Drill,Makita ,"Used, good condition",16/09/26,07:09:06,PETE,Used – good,POWER-TOOLS,
4231,Hammer Drill,Makita ,"Used, good condition",17/09/26,07:09:13,PETE,Used – good,POWER-TOOLS,
4232,Hammer Drill,Makita ,"Used, good condition",18/09/26,07:09:20,PETE,Used – good,POWER-TOOLS,
4233,Hammer Drill,Makita ,"Used, good condition",19/09/26,07:09:27,PETE,Used – good,POWER-TOOLS,
4234,Hammer Drill,Makita ,"Used, good condition",20/09/26,07:09:34,PETE,Used – good,POWER-TOOLS,
4235,Hammer Drill,Makita ,"Used, good condition",21/09/26,07:09:41,PETE,Used – good,POWER-TOOLS,
4236,Hammer Drill,Makita ,"Used, good condition",22/09/26,07:09:48,PETE,Used – good,POWER-TOOLS,
4237,Hammer Drill,Makita ,"Used, good condition",23/09/26,07:09:55,PETE,Used – good,POWER-TOOLS,
4238,Hammer Drill,Makita ,"Used, good condition",24/09/26,07:10:02,PETE,Used – good,POWER-TOOLS,
4239,Hammer Drill,Makita ,"Used, good condition",25/09/26,07:10:09,PETE,Used – good,POWER-TOOLS,
4240,Hammer Drill,Makita ,"Used, good condition",26/09/26,07:10:16,PETE,Used – good,POWER-TOOLS,
4241,Hammer Drill,Makita ,"Used, good condition",27/09/26,07:10:23,PETE,Used – good,POWER-TOOLS,
4242,Hammer Drill,Makita ,"Used, good condition",28/09/26,07:10:30,PETE,Used – good,POWER-TOOLS,
4243,Hammer Drill,Makita ,"Used, good condition",29/09/26,07:10:37,PETE,Used – good,POWER-TOOLS,
4244,Hammer Drill,Makita ,"Used, good condition",30/09/26,07:10:44,PETE,Used – good,POWER-TOOLS,
4245,Hammer Drill,Makita ,"Used, good condition",01/10/26,07:10:51,PETE,Used – good,POWER-TOOLS,
4246,Hammer Drill,Makita ,"Used, good condition",02/10/26,07:10:58,PETE,Used – good,POWER-TOOLS,
4247,Hammer Drill,Makita ,"Used, good condition",03/10/26,07:11:05,PETE,Used – good,POWER-TOOLS,
4248,Hammer Drill,Makita ,"Used, good condition",04/10/26,07:11:12,PETE,Used – good,POWER-TOOLS,
4249,Hammer Drill,Makita ,"Used, good condition",05/10/26,07:11:19,PETE,Used – good,POWER-TOOLS,
4250,Hammer Drill,Makita ,"Used, good condition",06/10/26,07:11:26,PETE,Used – good,POWER-TOOLS,
4251,Hammer Drill,Makita ,"Used, good condition",07/10/26,07:11:33,PETE,Used – good,POWER-TOOLS,
4252,Hammer Drill,Makita ,"Used, good condition",08/10/26,07:11:40,PETE,Used – good,POWER-TOOLS,
4253,Hammer Drill,Makita ,"Used, good condition",09/10/26,07:11:47,PETE,Used – good,POWER-TOOLS,
4254,Hammer Drill,Makita ,"Used, good condition",10/10/26,07:11:54,PETE,Used – good,POWER-TOOLS,
4255,Hammer Drill,Makita ,"Used, good condition",11/10/26,07:12:01,PETE,Used – good,POWER-TOOLS,
4256,Hammer Drill,Makita ,"Used, good condition",12/10/26,07:12:08,PETE,Used – good,POWER-TOOLS,
4257,Hammer Drill,Makita ,"Used, good condition",13/10/26,07:12:15,PETE,Used – good,POWER-TOOLS,
4258,Hammer Drill,Makita ,"Used, good condition",14/10/26,07:12:22,PETE,Used – good,POWER-TOOLS,
4259,Hammer Drill,Makita ,"Used, good condition",15/10/26,07:12:29,PETE,Used – good,POWER-TOOLS,
4260,Hammer Drill,Makita ,"Used, good condition",16/10/26,07:12:36,PETE,Used – good,POWER-TOOLS,
4261,Hammer Drill,Makita ,"Used, good condition",17/10/26,07:12:43,PETE,Used – good,POWER-TOOLS,
4262,Hammer Drill,Makita ,"Used, good condition",18/10/26,07:12:50,PETE,Used – good,POWER-TOOLS,
4263,Hammer Drill,Makita ,"Used, good condition",19/10/26,07:12:57,PETE,Used – good,POWER-TOOLS,
4264,Hammer Drill,Makita ,"Used, good condition",20/10/26,07:13:04,PETE,Used – good,POWER-TOOLS,
4265,Hammer Drill,Makita ,"Used, good condition",21/10/26,07:13:11,PETE,Used – good,POWER-TOOLS,
4266,Hammer Drill,Makita ,"Used, good condition",22/10/26,07:13:18,PETE,Used – good,POWER-TOOLS,
4267,Hammer Drill,Makita ,"Used, good condition",23/10/26,07:13:25,PETE,Used – good,POWER-TOOLS,
4268,Hammer Drill,Makita ,"Used, good condition",24/10/26,07:13:32,PETE,Used – good,POWER-TOOLS,
4269,Hammer Drill,Makita ,"Used, good condition",25/10/26,07:13:39,PETE,Used – good,POWER-TOOLS,
4270,Hammer Drill,Makita ,"Used, good condition",26/10/26,07:13:46,PETE,Used – good,POWER-TOOLS,
4271,Hammer Drill,Makita ,"Used, good condition",27/10/26,07:13:53,PETE,Used – good,POWER-TOOLS,
4272,Hammer Drill,Makita ,"Used, good condition",28/10/26,07:14:00,PETE,Used – good,POWER-TOOLS,
4273,Hammer Drill,Makita ,"Used, good condition",29/10/26,07:14:07,PETE,Used – good,POWER-TOOLS,
4274,Hammer Drill,Makita ,"Used, good condition",30/10/26,07:14:14,PETE,Used – good,POWER-TOOLS,
4275,Hammer Drill,Makita ,"Used, good condition",31/10/26,07:14:21,PETE,Used – good,POWER-TOOLS,
4276,Hammer Drill,Makita ,"Used, good condition",01/11/26,07:14:28,PETE,Used – good,POWER-TOOLS,
4277,Hammer Drill,Makita ,"Used, good condition",02/11/26,07:14:35,PETE,Used – good,POWER-TOOLS,
4278,Hammer Drill,Makita ,"Used, good condition",03/11/26,07:14:42,PETE,Used – good,POWER-TOOLS,
4279,Hammer Drill,Makita ,"Used, good condition",04/11/26,07:14:49,PETE,Used – good,POWER-TOOLS,
4280,Hammer Drill,Makita ,"Used, good condition",05/11/26,07:14:56,PETE,Used – good,POWER-TOOLS,
4281,Hammer Drill,Makita ,"Used, good condition",06/11/26,07:15:03,PETE,Used – good,POWER-TOOLS,
4282,Hammer Drill,Makita ,"Used, good condition",07/11/26,07:15:10,PETE,Used – good,POWER-TOOLS,
4283,Hammer Drill,Makita ,"Used, good condition",08/11/26,07:15:17,PETE,Used – good,POWER-TOOLS,
4284,Hammer Drill,Makita ,"Used, good condition",09/11/26,07:15:24,PETE,Used – good,POWER-TOOLS,
4285,Hammer Drill,Makita ,"Used, good condition",10/11/26,07:15:31,PETE,Used – good,POWER-TOOLS,
4286,Hammer Drill,Makita ,"Used, good condition",11/11/26,07:15:38,PETE,Used – good,POWER-TOOLS,
4287,Hammer Drill,Makita ,"Used, good condition",12/11/26,07:15:45,PETE,Used – good,POWER-TOOLS,
4288,Hammer Drill,Makita ,"Used, good condition",13/11/26,07:15:52,PETE,Used – good,POWER-TOOLS,
4289,Hammer Drill,Makita ,"Used, good condition",14/11/26,07:15:59,PETE,Used – good,POWER-TOOLS,
4290,Hammer Drill,Makita ,"Used, good condition",15/11/26,07:16:06,PETE,Used – good,POWER-TOOLS,
4291,Hammer Drill,Makita ,"Used, good condition",16/11/26,07:16:13,PETE,Used – good,POWER-TOOLS,
4292,Hammer Drill,Makita ,"Used, good condition",17/11/26,07:16:20,PETE,Used – good,POWER-TOOLS,
4293,Hammer Drill,Makita ,"Used, good condition",18/11/26,07:16:27,PETE,Used – good,POWER-TOOLS,
4294,Hammer Drill,Makita ,"Used, good condition",19/11/26,07:16:34,PETE,Used – good,POWER-TOOLS,
4295,Hammer Drill,Makita ,"Used, good condition",20/11/26,07:16:41,PETE,Used – good,POWER-TOOLS,
4296,Hammer Drill,Makita ,"Used, good condition",21/11/26,07:16:48,PETE,Used – good,POWER-TOOLS,
4297,Hammer Drill,Makita ,"Used, good condition",22/11/26,07:16:55,PETE,Used – good,POWER-TOOLS,
4298,Hammer Drill,Makita ,"Used, good condition",23/11/26,07:17:02,PETE,Used – good,POWER-TOOLS,
4299,Hammer Drill,Makita ,"Used, good condition",24/11/26,07:17:09,PETE,Used – good,POWER-TOOLS,
4300,Hammer Drill,Makita ,"Used, good condition",25/11/26,07:17:16,PETE,Used – good,POWER-TOOLS,
4301,Hammer Drill,Makita ,"Used, good condition",26/11/26,07:17:23,PETE,Used – good,POWER-TOOLS,
4302,Hammer Drill,Makita ,"Used, good condition",27/11/26,07:17:30,PETE,Used – good,POWER-TOOLS,
4303,Hammer Drill,Makita ,"Used, good condition",28/11/26,07:17:37,PETE,Used – good,POWER-TOOLS,
4304,Hammer Drill,Makita ,"Used, good condition",29/11/26,07:17:44,PETE,Used – good,POWER-TOOLS,
4305,Hammer Drill,Makita ,"Used, good condition",30/11/26,07:17:51,PETE,Used – good,POWER-TOOLS,
4306,Hammer Drill,Makita ,"Used, good condition",01/12/26,07:17:58,PETE,Used – good,POWER-TOOLS,
4307,Hammer Drill,Makita ,"Used, good condition",02/12/26,07:18:05,PETE,Used – good,POWER-TOOLS,
4308,Hammer Drill,Makita ,"Used, good condition",03/12/26,07:18:12,PETE,Used – good,POWER-TOOLS,
4309,Hammer Drill,Makita ,"Used, good condition",04/12/26,07:18:19,PETE,Used – good,POWER-TOOLS,
4310,Hammer Drill,Makita ,"Used, good condition",05/12/26,07:18:26,PETE,Used – good,POWER-TOOLS,
4311,Hammer Drill,Makita ,"Used, good condition",06/12/26,07:18:33,PETE,Used – good,POWER-TOOLS,
4312,Hammer Drill,Makita ,"Used, good condition",07/12/26,07:18:40,PETE,Used – good,POWER-TOOLS,
4313,Hammer Drill,Makita ,"Used, good condition",08/12/26,07:18:47,PETE,Used – good,POWER-TOOLS,
4314,Hammer Drill,Makita ,"Used, good condition",09/12/26,07:18:54,PETE,Used – good,POWER-TOOLS,
